{"products":[{"id":"0.9493194745585833","qty":1}],"totalPrice":15.989999999999998}